"cod_icd10","cod_cat","cod_cat_2","cod_cat_3","cod_cat_4","description"
"A021","infections_parasites_toxins_surgery","infections_parasites_toxins_surgery","Infections","Other","Certain infectious and parasitic diseases"
"A022","infections_parasites_toxins_surgery","infections_parasites_toxins_surgery","Infections","Other",
"A047","infections_parasites_toxins_surgery","infections_parasites_toxins_surgery","Infections","Other",
"A049","infections_parasites_toxins_surgery","infections_parasites_toxins_surgery","Infections","Other",
"A051","infections_parasites_toxins_surgery","infections_parasites_toxins_surgery","Infections","Other",
"A080","infections_parasites_toxins_surgery","infections_parasites_toxins_surgery","Infections","Other",
"A081","infections_parasites_toxins_surgery","infections_parasites_toxins_surgery","Infections","Other",
"A084","infections_parasites_toxins_surgery","infections_parasites_toxins_surgery","Infections","Other",
"A090","infections_parasites_toxins_surgery","infections_parasites_toxins_surgery","Infections","Other",
"A099","infections_parasites_toxins_surgery","infections_parasites_toxins_surgery","Infections","Other",
"A180","infections_parasites_toxins_surgery","infections_parasites_toxins_surgery","Infections","Other",
"A370","infections_parasites_toxins_surgery","infections_parasites_toxins_surgery","Infections","Other",
"A379","infections_parasites_toxins_surgery","infections_parasites_toxins_surgery","Infections","Other",
"A390","infections_parasites_toxins_surgery","infections_parasites_toxins_surgery","Infections","Other",
"A391","infections_parasites_toxins_surgery","infections_parasites_toxins_surgery","Infections","Other",
"A394","infections_parasites_toxins_surgery","infections_parasites_toxins_surgery","Infections","Other",
"A401","infections_parasites_toxins_surgery","infections_parasites_toxins_surgery","Infections","Other",
"A402","infections_parasites_toxins_surgery","infections_parasites_toxins_surgery","Infections","Other",
"A403","infections_parasites_toxins_surgery","infections_parasites_toxins_surgery","Infections","Other",
"A409","infections_parasites_toxins_surgery","infections_parasites_toxins_surgery","Infections","Other",
"A410","infections_parasites_toxins_surgery","infections_parasites_toxins_surgery","Infections","Infections",
"A411","infections_parasites_toxins_surgery","infections_parasites_toxins_surgery","Infections","Infections",
"A412","infections_parasites_toxins_surgery","infections_parasites_toxins_surgery","Infections","Infections",
"A413","infections_parasites_toxins_surgery","infections_parasites_toxins_surgery","Infections","Infections",
"A415","infections_parasites_toxins_surgery","infections_parasites_toxins_surgery","Infections","Infections",
"A419","infections_parasites_toxins_surgery","infections_parasites_toxins_surgery","Infections","Infections",
"A490","infections_parasites_toxins_surgery","infections_parasites_toxins_surgery","Infections","Other",
"A491","infections_parasites_toxins_surgery","infections_parasites_toxins_surgery","Infections","Other",
"A493","infections_parasites_toxins_surgery","infections_parasites_toxins_surgery","Infections","Other",
"A498","infections_parasites_toxins_surgery","infections_parasites_toxins_surgery","Infections","Other",
"A499","infections_parasites_toxins_surgery","infections_parasites_toxins_surgery","Infections","Other",
"A509","infections_parasites_toxins_surgery","infections_parasites_toxins_surgery","Infections","Other",
"A749","infections_parasites_toxins_surgery","infections_parasites_toxins_surgery","Infections","Other",
"A86","infections_parasites_toxins_surgery","infections_parasites_toxins_surgery","Infections","Other",
"A870","infections_parasites_toxins_surgery","infections_parasites_toxins_surgery","Infections","Other",
"A872","infections_parasites_toxins_surgery","infections_parasites_toxins_surgery","Infections","Other",
"A879","infections_parasites_toxins_surgery","infections_parasites_toxins_surgery","Infections","Other",
"B004","infections_parasites_toxins_surgery","infections_parasites_toxins_surgery","Infections","Other",
"B007","infections_parasites_toxins_surgery","infections_parasites_toxins_surgery","Infections","Other",
"B008","infections_parasites_toxins_surgery","infections_parasites_toxins_surgery","Infections","Other",
"B009","infections_parasites_toxins_surgery","infections_parasites_toxins_surgery","Infections","Other",
"B182","infections_parasites_toxins_surgery","infections_parasites_toxins_surgery","Infections","Other",
"B199","infections_parasites_toxins_surgery","infections_parasites_toxins_surgery","Infections","Other",
"B206","infections_parasites_toxins_surgery","infections_parasites_toxins_surgery","Infections","Other",
"B250","infections_parasites_toxins_surgery","infections_parasites_toxins_surgery","Infections","Other",
"B258","infections_parasites_toxins_surgery","infections_parasites_toxins_surgery","Infections","Other",
"B259","infections_parasites_toxins_surgery","infections_parasites_toxins_surgery","Infections","Other",
"B270","infections_parasites_toxins_surgery","infections_parasites_toxins_surgery","Infections","Other",
"B332","infections_parasites_toxins_surgery","infections_parasites_toxins_surgery","Infections","Other",
"B379","infections_parasites_toxins_surgery","infections_parasites_toxins_surgery","Infections","Other",
"B340","infections_parasites_toxins_surgery","infections_parasites_toxins_surgery","Infections","Other",
"B341","infections_parasites_toxins_surgery","infections_parasites_toxins_surgery","Infections","Other",
"B342","infections_parasites_toxins_surgery","infections_parasites_toxins_surgery","Infections","Other",
"B343","infections_parasites_toxins_surgery","infections_parasites_toxins_surgery","Infections","Other",
"B348","infections_parasites_toxins_surgery","infections_parasites_toxins_surgery","Infections","Other",
"B349","infections_parasites_toxins_surgery","infections_parasites_toxins_surgery","Infections","Other",
"B377","infections_parasites_toxins_surgery","infections_parasites_toxins_surgery","Infections","Other",
"B378","infections_parasites_toxins_surgery","infections_parasites_toxins_surgery","Infections","Other",
"B449","infections_parasites_toxins_surgery","infections_parasites_toxins_surgery","Infections","Other",
"B49","infections_parasites_toxins_surgery","infections_parasites_toxins_surgery","Infections","Other",
"B59","infections_parasites_toxins_surgery","infections_parasites_toxins_surgery","Infections","Other",
"B99","infections_parasites_toxins_surgery","infections_parasites_toxins_surgery","Infections","Other",
"C479","other","other","Other","Other",
"C495","other","other","Other","Other",
"C499","other","other","Other","Other",
"C64","other","other","Other","Other",
"C696","other","other","Other","Other",
"C715","other","other","Other","Other",
"C716","other","other","Other","Other",
"C717","other","other","Other","Other",
"C719","other","other","Other","Other",
"C222","other","other","Other","Other",
"C749","other","other","Other","Other",
"C80","other","other","Other","Other",
"C835","other","other","Other","Other",
"C910","other","other","Other","Other",
"C919","other","other","Other","Other",
"C920","other","other","Other","Other",
"C930","other","other","Other","Other",
"C940","other","other","Other","Other",
"C942","other","other","Other","Other",
"C950","other","other","Other","Other",
"C951","other","other","Other","Other",
"C925","other","other","Other","Other",
"C959","other","other","Other","Other",
"C97","other","other","Other","Other",
"D151","other","other","Other","Other",
"D180","other","other","Other","Other",
"D181","other","other","Other","Other",
"D219","other","other","Other","Other",
"D396","other","other","Other","Other",
"D370","other","other","Other","Other",
"D376","other","other","Other","Other",
"D383","other","other","Other","Other",
"D410","other","other","Other","Other",
"D431","other","other","Other","Other",
"D432","other","other","Other","Other",
"D434","other","other","Other","Other",
"D469","other","other","Other","Other",
"D471","other","other","Other","Other",
"D480","other","other","Other","Other",
"D481","other","other","Other","Other",
"D487","other","other","Other","Other",
"D489","other","other","Other","Other",
"D550","other","other","Other","Other","Diseases of the blood and blood-forming organs and certain disorders involving the immune system"
"D560","other","other","Other","Other",
"D570","other","other","Other","Other",
"D571","other","other","Other","Other",
"D572","other","other","Other","Other",
"D573","other","other","Other","Other",
"D580","other","other","Other","Other",
"D582","other","other","Other","Other",
"D593","other","other","Other","Other",
"D610","other","other","Other","Other",
"D619","other","other","Other","Other",
"D649","other","other","Other","Other",
"D65","other","other","Other","Other",
"D66","other","other","Other","Other",
"D680","other","other","Other","Other",
"D682","other","other","Other","Other",
"D685","other","other","Other","Other",
"D686","other","other","Other","Other",
"D689","other","other","Other","Other",
"D693","other","other","Other","Other",
"D694","other","other","Other","Other",
"D696","other","other","Other","Other",
"D70","other","other","Other","Other",
"D720","other","other","Other","Other",
"D748","other","other","Other","Other",
"D758","other","other","Other","Other",
"D760","other","other","Other","Other",
"D732","other","other","Other","Other",
"D749","other","other","Other","Other",
"D761","other","other","Other","Other",
"D763","other","other","Other","Other",
"D801","other","other","Other","Other",
"D811","other","other","Other","Other",
"D813","other","other","Other","Other",
"D819","other","other","Other","Other",
"D820","other","other","Other","Other",
"D821","other","other","Other","Other",
"D849","other","other","Other","Other",
"D899","other","other","Other","Other",
"E039","other","other","Other","Other","Endocrine, nutritional and metabolic diseases"
"E149","other","other","Other","Other",
"E161","other","other","Other","Other",
"E222","other","other","Other","Other",
"E230","other","other","Other","Other",
"E232","other","other","Other","Other",
"E250","other","other","Other","Other",
"E272","other","other","Other","Other",
"E274","other","other","Other","Other",
"E320","other","other","Other","Other",
"E328","other","other","Other","Other",
"E343","other","other","Other","Other",
"E348","other","other","Other","Other",
"E45","other","other","Other","Other",
"E46","other","other","Other","Other",
"E550","other","other","Other","Other",
"E561","other","other","Other","Other",
"E711","other","other","Other","Other",
"E713","other","other","Other","Other",
"E722","other","other","Other","Other",
"E723","other","other","Other","Other",
"E724","other","other","Other","Other",
"E725","other","other","Other","Other",
"E740","other","other","Other","Other",
"E742","other","other","Other","Other",
"E744","other","other","Other","Other",
"E752","other","other","Other","Other",
"E755","other","other","Other","Other",
"E756","other","other","Other","Other",
"E770","other","other","Other","Other",
"E771","other","other","Other","Other",
"E778","other","other","Other","Other",
"E785","other","other","Other","Other",
"E830","other","other","Other","Other",
"E831","other","other","Other","Other",
"E833","other","other","Other","Other",
"E835","other","other","Other","Other",
"E840","other","other","Other","Other",
"E841","other","other","Other","Other",
"E848","other","other","Other","Other",
"E849","other","other","Other","Other",
"E86","other","other","Other","Other",
"E870","other","other","Other","Other",
"E871","other","other","Other","Other",
"E872","other","other","Other","Other",
"E874","other","other","Other","Other",
"E875","other","other","Other","Other",
"E876","other","other","Other","Other",
"E877","other","other","Other","Other",
"E878","other","other","Other","Other",
"E880","other","other","Other","Other",
"E889","other","other","Other","Other",
"F069","other","other","Other","Other","Mental and behavioural disorders"
"F89","other","other","Other","Other",
"G000","other","other","Other","Other","Diseases of the nervous system"
"G001","other","other","Other","Other",
"G002","other","other","Other","Other",
"G003","other","other","Other","Other",
"G008","other","other","Other","Other",
"G009","other","other","Other","Other",
"G039","other","other","Other","Other",
"G042","other","other","Other","Other",
"G048","other","other","Other","Other",
"G049","other","other","Other","Other",
"G111","other","other","Other","Other",
"G120","other","other","Other","Other",
"G121","other","other","Other","Other",
"G122","other","other","Other","Other",
"G128","other","other","Other","Other",
"G129","other","other","Other","Other",
"G318","other","other","Other","Other",
"G319","other","other","Other","Other",
"G403","other","other","Other","Other",
"G404","other","other","Other","Other",
"G409","other","other","Other","Other",
"G419","other","other","Other","Other",
"G473","other","other","Other","Other",
"G527","other","other","Other","Other",
"G529","other","other","Other","Other",
"G608","other","other","Other","Other",
"G610","other","other","Other","Other",
"G709","other","other","Other","Other",
"G710","other","other","Other","Other",
"G711","other","other","Other","Other",
"G712","other","other","Other","Other",
"G713","other","other","Other","Other",
"G719","other","other","Other","Other",
"G729","other","other","Other","Other",
"G809","other","other","Other","Other",
"G901","other","other","Other","Other",
"G908","other","other","Other","Other",
"G909","other","other","Other","Other",
"G911","other","other","Other","Other",
"G918","other","other","Other","Other",
"G919","other","other","Other","Other",
"G930","other","other","Other","Other",
"G931","other","other","Other","Other",
"G932","other","other","Other","Other",
"G934","other","other","Other","Other",
"G935","other","other","Other","Other",
"G936","other","other","Other","Other",
"G937","other","other","Other","Other",
"G938","other","other","Other","Other",
"G939","other","other","Other","Other",
"G959","other","other","Other","Other",
"G98","other","other","Other","Other",
"H669","other","other","Other","Other","Diseases of the ear and mastoid process"
"I078","other","other","Other","Other","Diseases of the circulatory system"
"I119","other","other","Other","Other",
"I120","other","other","Other","Other",
"I209","other","other","Other","Other",
"I219","other","other","Other","Other",
"I248","other","other","Other","Other",
"I249","other","other","Other","Other",
"I251","other","other","Other","Other",
"I255","other","other","Other","Other",
"I258","other","other","Other","Other",
"I259","other","other","Other","Other",
"I269","other","other","Other","Other",
"I270","other","other","Other","Other",
"I272","other","other","Other","Other",
"I279","other","other","Other","Other",
"I288","other","other","Other","Other",
"I289","other","other","Other","Other",
"I313","other","other","Other","Other",
"I319","other","other","Other","Other",
"I330","other","other","Other","Other",
"I350","other","other","Other","Other",
"I351","other","other","Other","Other",
"I370","other","other","Other","Other",
"I400","other","other","Other","Other",
"I409","other","other","Other","Other",
"I420","other","other","Other","Other",
"I421","other","other","Other","Other",
"I422","other","other","Other","Other",
"I424","other","other","Other","Other",
"I425","other","other","Other","Other",
"I428","other","other","Other","Other",
"I429","other","other","Other","Other",
"I442","other","other","Other","Other",
"I443","other","other","Other","Other",
"I456","other","other","Other","Other",
"I458","other","other","Other","Other",
"I459","other","other","Other","Other",
"I461","other","other","Other","Other",
"I469","other","other","Other","Other",
"I471","other","other","Other","Other",
"I472","other","other","Other","Other",
"I490","other","other","Other","Other",
"I498","other","other","Other","Other",
"I499","other","other","Other","Other",
"I500","other","other","Other","Other",
"I501","other","other","Other","Other",
"I509","other","other","Other","Other",
"I510","other","other","Other","Other",
"I513","other","other","Other","Other",
"I514","other","other","Other","Other",
"I515","other","other","Other","Other",
"I516","other","other","Other","Other",
"I517","other","other","Other","Other",
"I518","other","other","Other","Other",
"I519","other","other","Other","Other",
"I608","other","other","Other","Other",
"I609","other","other","Other","Other",
"I614","other","other","Other","Other",
"I615","other","other","Other","Other",
"I619","other","other","Other","Other",
"I620","other","other","Other","Other",
"I629","other","other","Other","Other",
"I633","other","other","Other","Other",
"I634","other","other","Other","Other",
"I639","other","other","Other","Other",
"I64","other","other","Other","Other",
"I675","other","other","Other","Other",
"I678","other","other","Other","Other",
"I679","other","other","Other","Other",
"I709","other","other","Other","Other",
"I710","other","other","Other","Other",
"I719","other","other","Other","Other",
"I739","other","other","Other","Other",
"I741","other","other","Other","Other",
"I749","other","other","Other","Other",
"I773","other","other","Other","Other",
"I788","other","other","Other","Other",
"I789","other","other","Other","Other",
"I809","other","other","Other","Other",
"I81","other","other","Other","Other",
"I822","other","other","Other","Other",
"I823","other","other","Other","Other",
"I829","other","other","Other","Other",
"I871","other","other","Other","Other",
"I890","other","other","Other","Other",
"I898","other","other","Other","Other",
"I899","other","other","Other","Other",
"I99","other","other","Other","Other",
"J00","other","other","Other","Other","Diseases of the respiratory system"
"J029","other","other","Other","Other",
"J040","other","other","Other","Other",
"J041","other","other","Other","Other",
"J042","other","other","Other","Other",
"J050","other","other","Other","Other",
"J051","other","other","Other","Other",
"J069","other","other","Other","Other",
"J09","other","other","Other","Other",
"J100","other","other","Other","Other",
"J101","other","other","Other","Other",
"J110","other","other","Other","Other",
"J111","other","other","Other","Other",
"J120","other","other","Other","Other",
"J121","other","other","Other","Other",
"J122","other","other","Other","Other",
"J128","other","other","Other","Other",
"J129","other","other","Other","Other",
"J13","other","other","Other","Other",
"J14","other","other","Other","Other",
"J150","other","other","Other","Other",
"J151","other","other","Other","Other",
"J152","other","other","Other","Other",
"J154","other","other","Other","Other",
"J156","other","other","Other","Other",
"J158","other","other","Other","Other",
"J159","other","other","Other","Other",
"J180","other","other","Other","Other",
"J181","other","other","Other","Other",
"J189","other","other","Other","Other",
"J208","other","other","Other","Other",
"J209","other","other","Other","Other",
"J210","other","other","Other","Other",
"J211","other","other","Other","Other",
"J218","other","other","Other","Other",
"J219","other","other","Other","Other",
"J22","other","other","Other","Other",
"J380","other","other","Other","Other",
"J385","other","other","Other","Other",
"J386","other","other","Other","Other",
"J387","other","other","Other","Other",
"J392","other","other","Other","Other",
"J398","other","other","Other","Other",
"J399","other","other","Other","Other",
"J40","other","other","Other","Other",
"J42","other","other","Other","Other",
"J439","other","other","Other","Other",
"J440","other","other","Other","Other",
"J449","other","other","Other","Other",
"J450","other","other","Other","Other",
"J459","other","other","Other","Other",
"J690","other","other","Other","Other",
"J80","other","other","Other","Other",
"J81","other","other","Other","Other",
"J840","other","other","Other","Other",
"J841","other","other","Other","Other",
"J848","other","other","Other","Other",
"J849","other","other","Other","Other",
"J850","other","other","Other","Other",
"J851","other","other","Other","Other",
"J860","other","other","Other","Other",
"J869","other","other","Other","Other",
"J90","other","other","Other","Other",
"J930","other","other","Other","Other",
"J939","other","other","Other","Other",
"J960","other","other","Other","Other",
"J961","other","other","Other","Other",
"J969","other","other","Other","Other",
"J980","other","other","Other","Other",
"J981","other","other","Other","Other",
"J982","other","other","Other","Other",
"J984","other","other","Other","Other",
"J986","other","other","Other","Other",
"J988","other","other","Other","Other",
"J989","other","other","Other","Other",
"K070","other","other","Other","Other","Diseases of the digestive system"
"K071","other","other","Other","Other",
"K20","other","other","Other","Other",
"K219","other","other","Other","Other",
"K223","other","other","Other","Other",
"K255","other","other","Other","Other",
"K297","other","other","Other","Other",
"K318","other","other","Other","Other",
"K358","other","other","Other","Other",
"K37","other","other","Other","Other",
"K403","other","other","Other","Other",
"K409","other","other","Other","Other",
"K439","other","other","Other","Other",
"K440","other","other","Other","Other",
"K449","other","other","Other","Other",
"K461","other","other","Other","Other",
"K469","other","other","Other","Other",
"K529","other","other","Other","Other",
"K550","other","other","Other","Other",
"K559","other","other","Other","Other",
"K561","other","other","Other","Other",
"K562","other","other","Other","Other",
"K565","other","other","Other","Other",
"K566","other","other","Other","Other",
"K567","other","other","Other","Other",
"K578","other","other","Other","Other",
"K631","other","other","Other","Other",
"K638","other","other","Other","Other",
"K639","other","other","Other","Other",
"K650","other","other","Other","Other",
"K659","other","other","Other","Other",
"K660","other","other","Other","Other",
"K661","other","other","Other","Other",
"K668","other","other","Other","Other",
"K720","other","other","Other","Other",
"K721","other","other","Other","Other",
"K729","other","other","Other","Other",
"K740","other","other","Other","Other",
"K741","other","other","Other","Other",
"K746","other","other","Other","Other",
"K750","other","other","Other","Other",
"K760","other","other","Other","Other",
"K761","other","other","Other","Other",
"K763","other","other","Other","Other",
"K767","other","other","Other","Other",
"K768","other","other","Other","Other",
"K769","other","other","Other","Other",
"K830","other","other","Other","Other",
"K831","other","other","Other","Other",
"K859","other","other","Other","Other",
"K902","other","other","Other","Other",
"K904","other","other","Other","Other",
"K922","other","other","Other","Other",
"K929","other","other","Other","Other",
"L00","other","other","Other","Other","Diseases of the skin and subcutaneous tissue"
"L022","other","other","Other","Other",
"L309","other","other","Other","Other",
"L409","other","other","Other","Other",
"L930","other","other","Other","Other",
"L988","other","other","Other","Other",
"M009","other","other","Other","Other","Diseases of the musculoskeletal system and connective tissue"
"M303","other","other","Other","Other",
"M625","other","other","Other","Other",
"M629","other","other","Other","Other",
"M246","other","other","Other","Other",
"M318","other","other","Other","Other",
"M319","other","other","Other","Other",
"M269","other","other","Other","Other",
"M480","other","other","Other","Other",
"M622","other","other","Other","Other",
"M726","other","other","Other","Other",
"M841","other","other","Other","Other",
"M869","other","other","Other","Other",
"M939","other","other","Other","Other",
"N049","other","other","Other","Other","Diseases of the genitourinary system"
"N10","other","other","Other","Other",
"N12","other","other","Other","Other",
"N133","other","other","Other","Other",
"N139","other","other","Other","Other",
"N170","other","other","Other","Other",
"N172","other","other","Other","Other",
"N179","other","other","Other","Other",
"N185","other","other","Other","Other",
"N189","other","other","Other","Other",
"N19","other","other","Other","Other",
"N26","other","other","Other","Other",
"N281","other","other","Other","Other",
"N288","other","other","Other","Other",
"N289","other","other","Other","Other",
"N320","other","other","Other","Other",
"N328","other","other","Other","Other",
"N390","other","other","Other","Other",
"N498","other","other","Other","Other",
"P000","maternal_complications","maternal_complications","Maternal","Maternal","Damage to the fetus and newborn caused by conditions of the mother which need have no relation to the present pregnancy."
"P001","maternal_complications","maternal_complications","Maternal","Maternal",
"P002","maternal_complications","maternal_complications","Maternal","Maternal",
"P003","maternal_complications","maternal_complications","Maternal","Maternal",
"P004","maternal_complications","maternal_complications","Maternal","Maternal",
"P005","maternal_complications","maternal_complications","Maternal","Maternal",
"P006","maternal_complications","maternal_complications","Maternal","Maternal",
"P007","maternal_complications","maternal_complications","Maternal","Maternal",
"P008","maternal_complications","maternal_complications","Maternal","Maternal",
"P009","maternal_complications","maternal_complications","Maternal","Maternal",
"P010","maternal_complications","maternal_complications","Maternal","Maternal","Damage to the fetus and newborn due to maternal pregnancy complications"
"P011","maternal_complications","maternal_complications","Maternal","Maternal",
"P012","maternal_complications","maternal_complications","Maternal","Maternal",
"P013","maternal_complications","maternal_complications","Maternal","Maternal",
"P014","maternal_complications","maternal_complications","Maternal","Maternal",
"P015","maternal_complications","maternal_complications","Maternal","Maternal",
"P016","maternal_complications","maternal_complications","Maternal","Maternal",
"P017","maternal_complications","maternal_complications","Maternal","Maternal",
"P018","maternal_complications","maternal_complications","Maternal","Maternal",
"P019","maternal_complications","maternal_complications","Maternal","Maternal",
"P020","pcml_complications","pcml_complications","PlacentaCordMembrane","PlacentaCordMembrane","Damage to the fetus and newborn due to complications of the placenta, umbilical cord and membranes of the egg"
"P021","pcml_complications","pcml_complications","PlacentaCordMembrane","PlacentaCordMembrane",
"P022","pcml_complications","pcml_complications","PlacentaCordMembrane","PlacentaCordMembrane",
"P023","pcml_complications","pcml_complications","PlacentaCordMembrane","PlacentaCordMembrane",
"P024","pcml_complications","pcml_complications","PlacentaCordMembrane","PlacentaCordMembrane",
"P025","pcml_complications","pcml_complications","PlacentaCordMembrane","PlacentaCordMembrane",
"P026","pcml_complications","pcml_complications","PlacentaCordMembrane","PlacentaCordMembrane",
"P027","pcml_complications","pcml_complications","PlacentaCordMembrane","PlacentaCordMembrane",
"P028","pcml_complications","pcml_complications","PlacentaCordMembrane","PlacentaCordMembrane",
"P029","pcml_complications","pcml_complications","PlacentaCordMembrane","PlacentaCordMembrane",
"P030","pcml_complications","pcml_complications","LabourBirth","LabourBirth","Damage to the foetus and newborn baby due to other complications during labour and delivery"
"P031","pcml_complications","pcml_complications","LabourBirth","LabourBirth",
"P032","pcml_complications","pcml_complications","LabourBirth","LabourBirth",
"P033","pcml_complications","pcml_complications","LabourBirth","LabourBirth",
"P034","pcml_complications","pcml_complications","LabourBirth","LabourBirth",
"P035","pcml_complications","pcml_complications","LabourBirth","LabourBirth",
"P036","pcml_complications","pcml_complications","LabourBirth","LabourBirth",
"P038","pcml_complications","pcml_complications","LabourBirth","LabourBirth",
"P039","pcml_complications","pcml_complications","LabourBirth","LabourBirth",
"P041","infections_parasites_toxins_surgery","infections_parasites_toxins_surgery","Other","Other","Damage to the foetus and newborn by noxious agents that are transmitted transplacentally or with breast milk."
"P042","infections_parasites_toxins_surgery","infections_parasites_toxins_surgery","Other","Other",
"P043","infections_parasites_toxins_surgery","infections_parasites_toxins_surgery","Other","Other",
"P044","infections_parasites_toxins_surgery","infections_parasites_toxins_surgery","Other","Other",
"P049","infections_parasites_toxins_surgery","infections_parasites_toxins_surgery","Other","Other",
"P050","prematurity","prematurity","FetalGrowthPremature","FetalGrowthPremature","Intrauterine deficiency development and fetal malnutrition"
"P051","prematurity","prematurity","FetalGrowthPremature","FetalGrowthPremature",
"P059","prematurity","prematurity","FetalGrowthPremature","FetalGrowthPremature",
"P070","prematurity","prematurity","FetalGrowthPremature","FetalGrowthPremature","Disorders associated with short gestation and low birth weight, not elsewhere classified"
"P071","prematurity","prematurity","FetalGrowthPremature","FetalGrowthPremature",
"P072","prematurity","prematurity","FetalGrowthPremature","FetalGrowthPremature",
"P073","prematurity","prematurity","FetalGrowthPremature","FetalGrowthPremature",
"P082","other","other","Other","Other","Disorders associated with long gestation and high birth weight"
"P103","pcml_complications","pcml_complications","LabourBirth","LabourBirth","Birth trauma"
"P112","pcml_complications","pcml_complications","LabourBirth","LabourBirth",
"P120","pcml_complications","pcml_complications","LabourBirth","LabourBirth",
"P139","pcml_complications","pcml_complications","LabourBirth","LabourBirth",
"P150","pcml_complications","pcml_complications","LabourBirth","LabourBirth",
"P158","pcml_complications","pcml_complications","LabourBirth","LabourBirth",
"P159","pcml_complications","pcml_complications","LabourBirth","LabourBirth",
"P200","other","other","HypoxiaAsphyxie","HypoxiaAsphyxie","Intrauterine Hypoxie"
"P209","other","other","HypoxiaAsphyxie","HypoxiaAsphyxie",
"P210","pcml_complications","pcml_complications","HypoxiaAsphyxie","HypoxiaAsphyxie","Asphyxia during birth"
"P219","pcml_complications","pcml_complications","HypoxiaAsphyxie","HypoxiaAsphyxie",
"P220","prematurity","prematurity","RespiratoryCardio","RespiratoryCardio","Respiratory distress"
"P229","prematurity","prematurity","RespiratoryCardio","RespiratoryCardio",
"P230","other","other","Infections","RespiratoryCardio","Pneumonia"
"P232","other","other","Infections","RespiratoryCardio",
"P233","other","other","Infections","RespiratoryCardio",
"P234","other","other","Infections","RespiratoryCardio",
"P235","other","other","Infections","RespiratoryCardio",
"P236","other","other","Infections","RespiratoryCardio",
"P239","other","other","Infections","RespiratoryCardio",
"P240","pcml_complications","pcml_complications","RespiratoryCardio","RespiratoryCardio","Aspiration"
"P241","pcml_complications","pcml_complications","RespiratoryCardio","RespiratoryCardio",
"P243","pcml_complications","pcml_complications","RespiratoryCardio","RespiratoryCardio",
"P249","pcml_complications","pcml_complications","RespiratoryCardio","RespiratoryCardio",
"P250","other","other","RespiratoryCardio","RespiratoryCardio","Interstitial emphysema and related conditions originating in the perinatal period"
"P251","other","other","RespiratoryCardio","RespiratoryCardio",
"P252","other","other","RespiratoryCardio","RespiratoryCardio",
"P253","other","other","RespiratoryCardio","RespiratoryCardio",
"P261","prematurity","prematurity","RespiratoryCardio","RespiratoryCardio","Lung bleeding"
"P268","prematurity","prematurity","RespiratoryCardio","RespiratoryCardio",
"P269","prematurity","prematurity","RespiratoryCardio","RespiratoryCardio",
"P270","other","prematurity","RespiratoryCardio","RespiratoryCardio","Chronic respiratory disease originating in the perinatal period"
"P271","other","prematurity","RespiratoryCardio","RespiratoryCardio",
"P278","other","prematurity","RespiratoryCardio","RespiratoryCardio",
"P279","other","prematurity","RespiratoryCardio","RespiratoryCardio",
"P280","prematurity","prematurity","RespiratoryCardio","RespiratoryCardio","Primary atelectasis in the neonate"
"P283","prematurity","prematurity","RespiratoryCardio","RespiratoryCardio",
"P284","prematurity","prematurity","RespiratoryCardio","RespiratoryCardio",
"P285","prematurity","prematurity","RespiratoryCardio","RespiratoryCardio",
"P288","prematurity","prematurity","RespiratoryCardio","RespiratoryCardio",
"P289","prematurity","prematurity","RespiratoryCardio","RespiratoryCardio",
"P290","other","other","RespiratoryCardio","RespiratoryCardio","Cardiovascular diseases originating in the perinatal period"
"P291","other","other","RespiratoryCardio","RespiratoryCardio",
"P292","other","other","RespiratoryCardio","RespiratoryCardio",
"P293","other","other","RespiratoryCardio","RespiratoryCardio",
"P298","other","other","RespiratoryCardio","RespiratoryCardio",
"P299","other","other","RespiratoryCardio","RespiratoryCardio",
"P351","infections_parasites_toxins_surgery","infections_parasites_toxins_surgery","Infections","Other","Infections specific to the perinatal period"
"P352","infections_parasites_toxins_surgery","infections_parasites_toxins_surgery","Infections","Other",
"P358","infections_parasites_toxins_surgery","infections_parasites_toxins_surgery","Infections","Other",
"P359","infections_parasites_toxins_surgery","infections_parasites_toxins_surgery","Infections","Other",
"P360","infections_parasites_toxins_surgery","infections_parasites_toxins_surgery","Infections","Infections",
"P361","infections_parasites_toxins_surgery","infections_parasites_toxins_surgery","Infections","Infections",
"P362","infections_parasites_toxins_surgery","infections_parasites_toxins_surgery","Infections","Infections",
"P363","infections_parasites_toxins_surgery","infections_parasites_toxins_surgery","Infections","Infections",
"P364","infections_parasites_toxins_surgery","infections_parasites_toxins_surgery","Infections","Infections",
"P368","infections_parasites_toxins_surgery","infections_parasites_toxins_surgery","Infections","Infections",
"P369","infections_parasites_toxins_surgery","infections_parasites_toxins_surgery","Infections","Infections",
"P370","infections_parasites_toxins_surgery","infections_parasites_toxins_surgery","Infections","Other",
"P371","infections_parasites_toxins_surgery","infections_parasites_toxins_surgery","Infections","Other",
"P372","infections_parasites_toxins_surgery","infections_parasites_toxins_surgery","Infections","Other",
"P375","infections_parasites_toxins_surgery","infections_parasites_toxins_surgery","Infections","Other",
"P378","infections_parasites_toxins_surgery","infections_parasites_toxins_surgery","Infections","Other",
"P38","infections_parasites_toxins_surgery","infections_parasites_toxins_surgery","Infections","Other",
"P391","infections_parasites_toxins_surgery","infections_parasites_toxins_surgery","Infections","Other",
"P392","infections_parasites_toxins_surgery","infections_parasites_toxins_surgery","Infections","Other",
"P393","infections_parasites_toxins_surgery","infections_parasites_toxins_surgery","Infections","Other",
"P394","infections_parasites_toxins_surgery","infections_parasites_toxins_surgery","Infections","Other",
"P398","infections_parasites_toxins_surgery","infections_parasites_toxins_surgery","Infections","Other",
"P399","infections_parasites_toxins_surgery","infections_parasites_toxins_surgery","Infections","Other",
"P501","other","other","Other","Other","Haemorrhagic and haematological diseases in the foetus and neonate"
"P504","other","other","Other","Other",
"P508","other","other","Other","Other",
"P509","other","other","Other","Other",
"P519","other","other","Other","Other",
"P521","other","other","Other","Other",
"P522","other","other","Other","Other",
"P523","other","other","Other","Other",
"P524","other","other","Other","Other",
"P525","other","other","Other","Other",
"P526","other","other","Other","Other",
"P528","other","other","Other","Other",
"P529","other","other","Other","Other",
"P53","other","other","Other","Other",
"P543","other","other","Other","Other",
"P545","other","other","Other","Other",
"P546","other","other","Other","Other",
"P548","other","other","Other","Other",
"P549","other","other","Other","Other",
"P550","other","other","Other","Other",
"P558","other","other","Other","Other",
"P559","other","other","Other","Other",
"P560","other","other","Other","Other",
"P579","other","other","Other","Other",
"P588","other","other","Other","Other",
"P592","other","other","Other","Other",
"P599","other","other","Other","Other",
"P60","other","other","Other","Other",
"P610","other","other","Other","Other",
"P611","other","other","Other","Other",
"P612","other","other","Other","Other",
"P613","other","other","Other","Other",
"P614","other","other","Other","Other",
"P616","other","other","Other","Other",
"P619","other","other","Other","Other",
"P700","other","other","Other","Maternal","Transitory endocrine and metabolic disorders specific to the fetus and neonate"
"P701","other","other","Other","Maternal",
"P702","other","other","Other","Other",
"P769","other","other","Other","Other","Diseases of the digestive system in the fetus and neonate"
"P77","other","other","Other","Other",
"P780","other","other","Other","Other",
"P781","other","other","Other","Other",
"P783","other","other","Other","Other",
"P788","other","other","Other","Other",
"P809","other","other","Other","Other","Disease states involving the skin and temperature regulation in the fetus and neonate"
"P810","other","other","Other","Other",
"P832","other","other","Other","Other",
"P833","other","other","Other","Other",
"P90","other","other","CerebralConvulsions","CerebralConvulsions","Cramps in the newborn"
"P910","other","other","CerebralConvulsions","CerebralConvulsions","other cerebral disorders in the neonate"
"P912","other","other","CerebralConvulsions","CerebralConvulsions",
"P916","other","other","CerebralConvulsions","CerebralConvulsions",
"P918","other","other","CerebralConvulsions","CerebralConvulsions",
"P929","other","other","Other","Other","Feeding problems in the newborn"
"P941","other","other","Other","Other","Disorders of muscle tone in the newborn baby"
"P942","other","other","Other","Other",
"P95","unspecific_stillbirth","unspecific_stillbirth","UnspecificStillbirth","UnspecificStillbirth","Fetal death of unspecified cause"
"P960","other","other","Other","Other","other conditions originating in the perinatal period"
"P961","other","other","Other","Other",
"P964","other","other","Other","Other",
"P968","other","other","Other","Other",
"P969","other","other","Other","Other",
"Q000","congenital_malformations","congenital_malformations","Malformations","Malformations","Congenital malformations of the nervous system"
"Q002","congenital_malformations","congenital_malformations","Malformations","Malformations",
"Q012","congenital_malformations","congenital_malformations","Malformations","Malformations",
"Q018","congenital_malformations","congenital_malformations","Malformations","Malformations",
"Q019","congenital_malformations","congenital_malformations","Malformations","Malformations",
"Q02","congenital_malformations","congenital_malformations","Malformations","Malformations",
"Q030","congenital_malformations","congenital_malformations","Malformations","Malformations",
"Q031","congenital_malformations","congenital_malformations","Malformations","Malformations",
"Q038","congenital_malformations","congenital_malformations","Malformations","Malformations",
"Q039","congenital_malformations","congenital_malformations","Malformations","Malformations",
"Q040","congenital_malformations","congenital_malformations","Malformations","Malformations",
"Q042","congenital_malformations","congenital_malformations","Malformations","Malformations",
"Q043","congenital_malformations","congenital_malformations","Malformations","Malformations",
"Q044","congenital_malformations","congenital_malformations","Malformations","Malformations",
"Q045","congenital_malformations","congenital_malformations","Malformations","Malformations",
"Q046","congenital_malformations","congenital_malformations","Malformations","Malformations",
"Q048","congenital_malformations","congenital_malformations","Malformations","Malformations",
"Q049","congenital_malformations","congenital_malformations","Malformations","Malformations",
"Q054","congenital_malformations","congenital_malformations","Malformations","Malformations",
"Q056","congenital_malformations","congenital_malformations","Malformations","Malformations",
"Q057","congenital_malformations","congenital_malformations","Malformations","Malformations",
"Q058","congenital_malformations","congenital_malformations","Malformations","Malformations",
"Q059","congenital_malformations","congenital_malformations","Malformations","Malformations",
"Q060","congenital_malformations","congenital_malformations","Malformations","Malformations",
"Q070","congenital_malformations","congenital_malformations","Malformations","Malformations",
"Q078","congenital_malformations","congenital_malformations","Malformations","Malformations",
"Q079","congenital_malformations","congenital_malformations","Malformations","Malformations",
"Q174","congenital_malformations","congenital_malformations","Malformations","Malformations","Congenital malformations of the eye, ear, face and neck"
"Q189","congenital_malformations","congenital_malformations","Malformations","Malformations",
"Q200","congenital_malformations","congenital_malformations","Malformations","Malformations","Congenital malformations of the circulatory system"
"Q201","congenital_malformations","congenital_malformations","Malformations","Malformations",
"Q202","congenital_malformations","congenital_malformations","Malformations","Malformations",
"Q203","congenital_malformations","congenital_malformations","Malformations","Malformations",
"Q204","congenital_malformations","congenital_malformations","Malformations","Malformations",
"Q206","congenital_malformations","congenital_malformations","Malformations","Malformations",
"Q210","congenital_malformations","congenital_malformations","Malformations","Malformations",
"Q211","congenital_malformations","congenital_malformations","Malformations","Malformations",
"Q212","congenital_malformations","congenital_malformations","Malformations","Malformations",
"Q213","congenital_malformations","congenital_malformations","Malformations","Malformations",
"Q214","congenital_malformations","congenital_malformations","Malformations","Malformations",
"Q218","congenital_malformations","congenital_malformations","Malformations","Malformations",
"Q219","congenital_malformations","congenital_malformations","Malformations","Malformations",
"Q220","congenital_malformations","congenital_malformations","Malformations","Malformations",
"Q221","congenital_malformations","congenital_malformations","Malformations","Malformations",
"Q222","congenital_malformations","congenital_malformations","Malformations","Malformations",
"Q223","congenital_malformations","congenital_malformations","Malformations","Malformations",
"Q224","congenital_malformations","congenital_malformations","Malformations","Malformations",
"Q225","congenital_malformations","congenital_malformations","Malformations","Malformations",
"Q226","congenital_malformations","congenital_malformations","Malformations","Malformations",
"Q228","congenital_malformations","congenital_malformations","Malformations","Malformations",
"Q229","congenital_malformations","congenital_malformations","Malformations","Malformations",
"Q230","congenital_malformations","congenital_malformations","Malformations","Malformations",
"Q231","congenital_malformations","congenital_malformations","Malformations","Malformations",
"Q232","congenital_malformations","congenital_malformations","Malformations","Malformations",
"Q233","congenital_malformations","congenital_malformations","Malformations","Malformations",
"Q234","congenital_malformations","congenital_malformations","Malformations","Malformations",
"Q239","congenital_malformations","congenital_malformations","Malformations","Malformations",
"Q240","congenital_malformations","congenital_malformations","Malformations","Malformations",
"Q242","congenital_malformations","congenital_malformations","Malformations","Malformations",
"Q245","congenital_malformations","congenital_malformations","Malformations","Malformations",
"Q246","congenital_malformations","congenital_malformations","Malformations","Malformations",
"Q248","congenital_malformations","congenital_malformations","Malformations","Malformations",
"Q249","congenital_malformations","congenital_malformations","Malformations","Malformations",
"Q250","congenital_malformations","congenital_malformations","Malformations","Malformations",
"Q251","congenital_malformations","congenital_malformations","Malformations","Malformations",
"Q253","congenital_malformations","congenital_malformations","Malformations","Malformations",
"Q254","congenital_malformations","congenital_malformations","Malformations","Malformations",
"Q255","congenital_malformations","congenital_malformations","Malformations","Malformations",
"Q256","congenital_malformations","congenital_malformations","Malformations","Malformations",
"Q257","congenital_malformations","congenital_malformations","Malformations","Malformations",
"Q258","congenital_malformations","congenital_malformations","Malformations","Malformations",
"Q262","congenital_malformations","congenital_malformations","Malformations","Malformations",
"Q263","congenital_malformations","congenital_malformations","Malformations","Malformations",
"Q264","congenital_malformations","congenital_malformations","Malformations","Malformations",
"Q268","congenital_malformations","congenital_malformations","Malformations","Malformations",
"Q270","congenital_malformations","congenital_malformations","Malformations","Malformations",
"Q271","congenital_malformations","congenital_malformations","Malformations","Malformations",
"Q273","congenital_malformations","congenital_malformations","Malformations","Malformations",
"Q278","congenital_malformations","congenital_malformations","Malformations","Malformations",
"Q279","congenital_malformations","congenital_malformations","Malformations","Malformations",
"Q280","congenital_malformations","congenital_malformations","Malformations","Malformations",
"Q282","congenital_malformations","congenital_malformations","Malformations","Malformations",
"Q283","congenital_malformations","congenital_malformations","Malformations","Malformations",
"Q288","congenital_malformations","congenital_malformations","Malformations","Malformations",
"Q301","congenital_malformations","congenital_malformations","Malformations","Malformations","Congenital malformations of the respiratory system"
"Q310","congenital_malformations","congenital_malformations","Malformations","Malformations",
"Q311","congenital_malformations","congenital_malformations","Malformations","Malformations",
"Q315","congenital_malformations","congenital_malformations","Malformations","Malformations",
"Q318","congenital_malformations","congenital_malformations","Malformations","Malformations",
"Q319","congenital_malformations","congenital_malformations","Malformations","Malformations",
"Q320","congenital_malformations","congenital_malformations","Malformations","Malformations",
"Q321","congenital_malformations","congenital_malformations","Malformations","Malformations",
"Q322","congenital_malformations","congenital_malformations","Malformations","Malformations",
"Q323","congenital_malformations","congenital_malformations","Malformations","Malformations",
"Q324","congenital_malformations","congenital_malformations","Malformations","Malformations",
"Q330","congenital_malformations","congenital_malformations","Malformations","Malformations",
"Q332","congenital_malformations","congenital_malformations","Malformations","Malformations",
"Q333","congenital_malformations","congenital_malformations","Malformations","Malformations",
"Q336","congenital_malformations","congenital_malformations","Malformations","Malformations",
"Q338","congenital_malformations","congenital_malformations","Malformations","Malformations",
"Q339","congenital_malformations","congenital_malformations","Malformations","Malformations",
"Q340","congenital_malformations","congenital_malformations","Malformations","Malformations",
"Q348","congenital_malformations","congenital_malformations","Malformations","Malformations",
"Q349","congenital_malformations","congenital_malformations","Malformations","Malformations",
"Q359","congenital_malformations","congenital_malformations","Malformations","Malformations","Cleft lip, jaw and palate"
"Q369","congenital_malformations","congenital_malformations","Malformations","Malformations","Cleft lip, jaw and palate"
"Q379","congenital_malformations","congenital_malformations","Malformations","Malformations","Cleft lip, jaw and palate"
"Q388","congenital_malformations","congenital_malformations","Malformations","Malformations","Cleft lip, jaw and palate"
"Q390","congenital_malformations","congenital_malformations","Malformations","Malformations","Cleft lip, jaw and palate"
"Q391","congenital_malformations","congenital_malformations","Malformations","Malformations","Cleft lip, jaw and palate"
"Q392","congenital_malformations","congenital_malformations","Malformations","Malformations","Cleft lip, jaw and palate"
"Q399","congenital_malformations","congenital_malformations","Malformations","Malformations","Cleft lip, jaw and palate"
"Q400","congenital_malformations","congenital_malformations","Malformations","Malformations",
"Q402","congenital_malformations","congenital_malformations","Malformations","Malformations",
"Q410","congenital_malformations","congenital_malformations","Malformations","Malformations",
"Q411","congenital_malformations","congenital_malformations","Malformations","Malformations",
"Q412","congenital_malformations","congenital_malformations","Malformations","Malformations",
"Q418","congenital_malformations","congenital_malformations","Malformations","Malformations",
"Q419","congenital_malformations","congenital_malformations","Malformations","Malformations",
"Q423","congenital_malformations","congenital_malformations","Malformations","Malformations",
"Q429","congenital_malformations","congenital_malformations","Malformations","Malformations",
"Q430","congenital_malformations","congenital_malformations","Malformations","Malformations",
"Q431","congenital_malformations","congenital_malformations","Malformations","Malformations",
"Q433","congenital_malformations","congenital_malformations","Malformations","Malformations",
"Q438","congenital_malformations","congenital_malformations","Malformations","Malformations",
"Q439","congenital_malformations","congenital_malformations","Malformations","Malformations",
"Q442","congenital_malformations","congenital_malformations","Malformations","Malformations",
"Q444","congenital_malformations","congenital_malformations","Malformations","Malformations",
"Q447","congenital_malformations","congenital_malformations","Malformations","Malformations",
"Q458","congenital_malformations","congenital_malformations","Malformations","Malformations",
"Q512","congenital_malformations","congenital_malformations","Malformations","Malformations",
"Q513","congenital_malformations","congenital_malformations","Malformations","Malformations",
"Q519","congenital_malformations","congenital_malformations","Malformations","Malformations",
"Q529","congenital_malformations","congenital_malformations","Malformations","Malformations",
"Q549","congenital_malformations","congenital_malformations","Malformations","Malformations",
"Q559","congenital_malformations","congenital_malformations","Malformations","Malformations",
"Q564","congenital_malformations","congenital_malformations","Malformations","Malformations",
"Q600","congenital_malformations","congenital_malformations","Malformations","Malformations",
"Q601","congenital_malformations","congenital_malformations","Malformations","Malformations",
"Q602","congenital_malformations","congenital_malformations","Malformations","Malformations",
"Q605","congenital_malformations","congenital_malformations","Malformations","Malformations",
"Q606","congenital_malformations","congenital_malformations","Malformations","Malformations",
"Q611","congenital_malformations","congenital_malformations","Malformations","Malformations",
"Q613","congenital_malformations","congenital_malformations","Malformations","Malformations",
"Q614","congenital_malformations","congenital_malformations","Malformations","Malformations",
"Q619","congenital_malformations","congenital_malformations","Malformations","Malformations",
"Q620","congenital_malformations","congenital_malformations","Malformations","Malformations",
"Q621","congenital_malformations","congenital_malformations","Malformations","Malformations",
"Q623","congenital_malformations","congenital_malformations","Malformations","Malformations",
"Q631","congenital_malformations","congenital_malformations","Malformations","Malformations",
"Q633","congenital_malformations","congenital_malformations","Malformations","Malformations",
"Q638","congenital_malformations","congenital_malformations","Malformations","Malformations",
"Q639","congenital_malformations","congenital_malformations","Malformations","Malformations",
"Q641","congenital_malformations","congenital_malformations","Malformations","Malformations",
"Q642","congenital_malformations","congenital_malformations","Malformations","Malformations",
"Q643","congenital_malformations","congenital_malformations","Malformations","Malformations",
"Q645","congenital_malformations","congenital_malformations","Malformations","Malformations",
"Q647","congenital_malformations","congenital_malformations","Malformations","Malformations",
"Q648","congenital_malformations","congenital_malformations","Malformations","Malformations",
"Q649","congenital_malformations","congenital_malformations","Malformations","Malformations",
"Q668","congenital_malformations","congenital_malformations","Malformations","Malformations",
"Q675","congenital_malformations","congenital_malformations","Malformations","Malformations",
"Q678","congenital_malformations","congenital_malformations","Malformations","Malformations",
"Q688","congenital_malformations","congenital_malformations","Malformations","Malformations",
"Q701","congenital_malformations","congenital_malformations","Malformations","Malformations",
"Q713","congenital_malformations","congenital_malformations","Malformations","Malformations",
"Q728","congenital_malformations","congenital_malformations","Malformations","Malformations",
"Q738","congenital_malformations","congenital_malformations","Malformations","Malformations",
"Q740","congenital_malformations","congenital_malformations","Malformations","Malformations",
"Q743","congenital_malformations","congenital_malformations","Malformations","Malformations",
"Q749","congenital_malformations","congenital_malformations","Malformations","Malformations",
"Q750","congenital_malformations","congenital_malformations","Malformations","Malformations",
"Q753","congenital_malformations","congenital_malformations","Malformations","Malformations",
"Q754","congenital_malformations","congenital_malformations","Malformations","Malformations",
"Q758","congenital_malformations","congenital_malformations","Malformations","Malformations",
"Q759","congenital_malformations","congenital_malformations","Malformations","Malformations",
"Q764","congenital_malformations","congenital_malformations","Malformations","Malformations",
"Q766","congenital_malformations","congenital_malformations","Malformations","Malformations",
"Q770","congenital_malformations","congenital_malformations","Malformations","Malformations",
"Q771","congenital_malformations","congenital_malformations","Malformations","Malformations",
"Q772","congenital_malformations","congenital_malformations","Malformations","Malformations",
"Q773","congenital_malformations","congenital_malformations","Malformations","Malformations",
"Q774","congenital_malformations","congenital_malformations","Malformations","Malformations",
"Q776","congenital_malformations","congenital_malformations","Malformations","Malformations",
"Q777","congenital_malformations","congenital_malformations","Malformations","Malformations",
"Q778","congenital_malformations","congenital_malformations","Malformations","Malformations",
"Q780","congenital_malformations","congenital_malformations","Malformations","Malformations",
"Q782","congenital_malformations","congenital_malformations","Malformations","Malformations",
"Q785","congenital_malformations","congenital_malformations","Malformations","Malformations",
"Q788","congenital_malformations","congenital_malformations","Malformations","Malformations",
"Q789","congenital_malformations","congenital_malformations","Malformations","Malformations",
"Q790","congenital_malformations","congenital_malformations","Malformations","Malformations",
"Q791","congenital_malformations","congenital_malformations","Malformations","Malformations",
"Q792","congenital_malformations","congenital_malformations","Malformations","Malformations",
"Q793","congenital_malformations","congenital_malformations","Malformations","Malformations",
"Q794","congenital_malformations","congenital_malformations","Malformations","Malformations",
"Q795","congenital_malformations","congenital_malformations","Malformations","Malformations",
"Q798","congenital_malformations","congenital_malformations","Malformations","Malformations",
"Q799","congenital_malformations","congenital_malformations","Malformations","Malformations",
"Q804","congenital_malformations","congenital_malformations","Malformations","Malformations",
"Q808","congenital_malformations","congenital_malformations","Malformations","Malformations",
"Q809","congenital_malformations","congenital_malformations","Malformations","Malformations",
"Q811","congenital_malformations","congenital_malformations","Malformations","Malformations",
"Q819","congenital_malformations","congenital_malformations","Malformations","Malformations",
"Q820","congenital_malformations","congenital_malformations","Malformations","Malformations",
"Q828","congenital_malformations","congenital_malformations","Malformations","Malformations",
"Q829","congenital_malformations","congenital_malformations","Malformations","Malformations",
"Q832","congenital_malformations","congenital_malformations","Malformations","Malformations",
"Q848","congenital_malformations","congenital_malformations","Malformations","Malformations",
"Q850","congenital_malformations","congenital_malformations","Malformations","Malformations",
"Q851","congenital_malformations","congenital_malformations","Malformations","Malformations",
"Q858","congenital_malformations","congenital_malformations","Malformations","Malformations",
"Q859","congenital_malformations","congenital_malformations","Malformations","Malformations",
"Q860","congenital_malformations","congenital_malformations","Malformations","Malformations",
"Q870","congenital_malformations","congenital_malformations","Malformations","Malformations",
"Q871","congenital_malformations","congenital_malformations","Malformations","Malformations",
"Q872","congenital_malformations","congenital_malformations","Malformations","Malformations",
"Q873","congenital_malformations","congenital_malformations","Malformations","Malformations",
"Q874","congenital_malformations","congenital_malformations","Malformations","Malformations",
"Q878","congenital_malformations","congenital_malformations","Malformations","Malformations",
"Q891","congenital_malformations","congenital_malformations","Malformations","Malformations",
"Q892","congenital_malformations","congenital_malformations","Malformations","Malformations",
"Q893","congenital_malformations","congenital_malformations","Malformations","Malformations",
"Q894","congenital_malformations","congenital_malformations","Malformations","Malformations",
"Q897","congenital_malformations","congenital_malformations","Malformations","Malformations",
"Q898","congenital_malformations","congenital_malformations","Malformations","Malformations",
"Q899","congenital_malformations","congenital_malformations","Malformations","Malformations",
"Q909","congenital_malformations","congenital_malformations","Malformations","Malformations",
"Q911","congenital_malformations","congenital_malformations","Malformations","Malformations",
"Q913","congenital_malformations","congenital_malformations","Malformations","Malformations",
"Q915","congenital_malformations","congenital_malformations","Malformations","Malformations",
"Q917","congenital_malformations","congenital_malformations","Malformations","Malformations",
"Q925","congenital_malformations","congenital_malformations","Malformations","Malformations",
"Q927","congenital_malformations","congenital_malformations","Malformations","Malformations",
"Q928","congenital_malformations","congenital_malformations","Malformations","Malformations",
"Q929","congenital_malformations","congenital_malformations","Malformations","Malformations",
"Q932","congenital_malformations","congenital_malformations","Malformations","Malformations",
"Q933","congenital_malformations","congenital_malformations","Malformations","Malformations",
"Q934","congenital_malformations","congenital_malformations","Malformations","Malformations",
"Q935","congenital_malformations","congenital_malformations","Malformations","Malformations",
"Q937","congenital_malformations","congenital_malformations","Malformations","Malformations",
"Q938","congenital_malformations","congenital_malformations","Malformations","Malformations",
"Q939","congenital_malformations","congenital_malformations","Malformations","Malformations",
"Q959","congenital_malformations","congenital_malformations","Malformations","Malformations",
"Q960","congenital_malformations","congenital_malformations","Malformations","Malformations",
"Q968","congenital_malformations","congenital_malformations","Malformations","Malformations",
"Q969","congenital_malformations","congenital_malformations","Malformations","Malformations",
"Q970","congenital_malformations","congenital_malformations","Malformations","Malformations",
"Q978","congenital_malformations","congenital_malformations","Malformations","Malformations",
"Q984","congenital_malformations","congenital_malformations","Malformations","Malformations",
"Q989","congenital_malformations","congenital_malformations","Malformations","Malformations",
"Q998","congenital_malformations","congenital_malformations","Malformations","Malformations",
"Q999","congenital_malformations","congenital_malformations","Malformations","Malformations",
"R02","other","other","Other","Other","Symptoms and abnormal clinical and laboratory findings not elsewhere classified"
"R048","other","other","Other","Other",
"R060","other","other","Other","Other",
"R068","other","other","Other","Other",
"R090","other","other","Other","Other",
"R092","other","other","Other","Other",
"R098","other","other","Other","Other",
"R11","other","other","Other","Other",
"R18","other","other","Other","Other",
"R220","other","other","Other","Other",
"R278","other","other","Other","Other",
"R298","other","other","Other","Other",
"R53","other","other","Other","Other",
"R568","other","other","Other","Other",
"R609","other","other","Other","Other",
"R570","other","other","Other","Other",
"R571","other","other","Other","Other",
"R579","other","other","Other","Other",
"R628","other","other","Other","Other",
"R688","other","other","Other","Other",
"R730","other","other","Other","Other",
"R739","other","other","Other","Other",
"R772","other","other","Other","Other",
"R784","other","other","Other","Other",
"R788","other","other","Other","Other",
"R95","sids","sids","SID","SID","sids"
"R98","sids","sids","SID","SID","Death without the presence of other persons"
"R99","sids","sids","SID","SID","other imprecise or unspecified causes of death"
"V030","accidents_and_violence","accidents_and_violence","Other","Other","External causes of morbidity and mortality"
"V031","accidents_and_violence","accidents_and_violence","Other","Other",
"V090","accidents_and_violence","accidents_and_violence","Other","Other",
"V092","accidents_and_violence","accidents_and_violence","Other","Other",
"V436","accidents_and_violence","accidents_and_violence","Other","Other",
"V439","accidents_and_violence","accidents_and_violence","Other","Other",
"V446","accidents_and_violence","accidents_and_violence","Other","Other",
"V476","accidents_and_violence","accidents_and_violence","Other","Other",
"V486","accidents_and_violence","accidents_and_violence","Other","Other",
"V489","accidents_and_violence","accidents_and_violence","Other","Other",
"V499","accidents_and_violence","accidents_and_violence","Other","Other",
"V536","accidents_and_violence","accidents_and_violence","Other","Other",
"V804","accidents_and_violence","accidents_and_violence","Other","Other",
"V874","accidents_and_violence","accidents_and_violence","Other","Other",
"V877","accidents_and_violence","accidents_and_violence","Other","Other",
"V887","accidents_and_violence","accidents_and_violence","Other","Other",
"V890","accidents_and_violence","accidents_and_violence","Other","Other",
"V892","accidents_and_violence","accidents_and_violence","Other","Other",
"V899","accidents_and_violence","accidents_and_violence","Other","Other",
"W04","accidents_and_violence","accidents_and_violence","Other","Other",
"W07","accidents_and_violence","accidents_and_violence","Other","Other",
"W06","accidents_and_violence","accidents_and_violence","Other","Other",
"W08","accidents_and_violence","accidents_and_violence","Other","Other",
"W10","accidents_and_violence","accidents_and_violence","Other","Other",
"W17","accidents_and_violence","accidents_and_violence","Other","Other",
"W18","accidents_and_violence","accidents_and_violence","Other","Other",
"W19","accidents_and_violence","accidents_and_violence","Other","Other",
"W20","accidents_and_violence","accidents_and_violence","Other","Other",
"W22","accidents_and_violence","accidents_and_violence","Other","Other",
"W31","accidents_and_violence","accidents_and_violence","Other","Other",
"W34","accidents_and_violence","accidents_and_violence","Other","Other",
"W44","accidents_and_violence","accidents_and_violence","Other","Other",
"W54","accidents_and_violence","accidents_and_violence","Other","Other",
"W55","accidents_and_violence","accidents_and_violence","Other","Other",
"W65","accidents_and_violence","accidents_and_violence","Other","Other",
"W66","accidents_and_violence","accidents_and_violence","Other","Other",
"W67","accidents_and_violence","accidents_and_violence","Other","Other",
"W69","accidents_and_violence","accidents_and_violence","Other","Other",
"W73","accidents_and_violence","accidents_and_violence","Other","Other",
"W74","accidents_and_violence","accidents_and_violence","Other","Other",
"W75","accidents_and_violence","accidents_and_violence","Other","SID",
"W76","accidents_and_violence","accidents_and_violence","Other","Other",
"W78","accidents_and_violence","accidents_and_violence","Other","Other",
"W79","accidents_and_violence","accidents_and_violence","Other","Other",
"W80","accidents_and_violence","accidents_and_violence","Other","Other",
"W83","accidents_and_violence","accidents_and_violence","Other","Other",
"W84","accidents_and_violence","accidents_and_violence","Other","Other",
"W86","accidents_and_violence","accidents_and_violence","Other","Other",
"X00","accidents_and_violence","accidents_and_violence","Other","Other",
"X04","accidents_and_violence","accidents_and_violence","Other","Other",
"X09","accidents_and_violence","accidents_and_violence","Other","Other",
"X12","accidents_and_violence","accidents_and_violence","Other","Other",
"X30","accidents_and_violence","accidents_and_violence","Other","Other",
"X31","accidents_and_violence","accidents_and_violence","Other","Other",
"X38","accidents_and_violence","accidents_and_violence","Other","Other",
"X40","accidents_and_violence","accidents_and_violence","Other","Other",
"X41","accidents_and_violence","accidents_and_violence","Other","Other",
"X42","accidents_and_violence","accidents_and_violence","Other","Other",
"X44","accidents_and_violence","accidents_and_violence","Other","Other",
"X47","accidents_and_violence","accidents_and_violence","Other","Other",
"X58","accidents_and_violence","accidents_and_violence","Other","Other",
"X590","accidents_and_violence","accidents_and_violence","Other","Other",
"X599","accidents_and_violence","accidents_and_violence","Other","Other",
"X85","accidents_and_violence","accidents_and_violence","Other","Other",
"X91","accidents_and_violence","accidents_and_violence","Other","Other",
"X92","accidents_and_violence","accidents_and_violence","Other","Other",
"X94","accidents_and_violence","accidents_and_violence","Other","Other",
"X95","accidents_and_violence","accidents_and_violence","Other","Other",
"X97","accidents_and_violence","accidents_and_violence","Other","Other",
"X98","accidents_and_violence","accidents_and_violence","Other","Other",
"X99","accidents_and_violence","accidents_and_violence","Other","Other",
"Y00","accidents_and_violence","accidents_and_violence","Other","Other",
"Y01","accidents_and_violence","accidents_and_violence","Other","Other",
"Y03","accidents_and_violence","accidents_and_violence","Other","Other",
"Y04","accidents_and_violence","accidents_and_violence","Other","Other",
"Y061","accidents_and_violence","accidents_and_violence","Other","Other",
"Y069","accidents_and_violence","accidents_and_violence","Other","Other",
"Y071","accidents_and_violence","accidents_and_violence","Other","Other",
"Y078","accidents_and_violence","accidents_and_violence","Other","Other",
"Y079","accidents_and_violence","accidents_and_violence","Other","Other",
"Y08","accidents_and_violence","accidents_and_violence","Other","Other",
"Y09","accidents_and_violence","accidents_and_violence","Other","Other",
"Y11","accidents_and_violence","accidents_and_violence","Other","Other",
"Y12","accidents_and_violence","accidents_and_violence","Other","Other",
"Y14","accidents_and_violence","accidents_and_violence","Other","Other",
"Y20","accidents_and_violence","accidents_and_violence","Other","Other",
"Y21","accidents_and_violence","accidents_and_violence","Other","Other",
"Y26","accidents_and_violence","accidents_and_violence","Other","Other",
"Y29","accidents_and_violence","accidents_and_violence","Other","Other",
"Y33","accidents_and_violence","accidents_and_violence","Other","Other",
"Y34","accidents_and_violence","accidents_and_violence","Other","Other",
"Y430","infections_parasites_toxins_surgery","other","Other","Other","Complications during medical and surgical treatment"
"Y433","infections_parasites_toxins_surgery","other","Other","Other",
"Y605","infections_parasites_toxins_surgery","other","Other","Other",
"Y628","infections_parasites_toxins_surgery","other","Other","Other",
"Y832","infections_parasites_toxins_surgery","other","Other","Other",
"Y833","infections_parasites_toxins_surgery","other","Other","Other",
"Y836","infections_parasites_toxins_surgery","other","Other","Other",
"Y838","infections_parasites_toxins_surgery","other","Other","Other",
"Y839","infections_parasites_toxins_surgery","other","Other","Other",
"Y848","infections_parasites_toxins_surgery","other","Other","Other",
